1,1
2,2
3,3
4,4
5,5
6,6
7,7
8,8
9,9
10,10
11,11
12,12
13,13
14,14
15,15
16,16
16A,17
16B,18
17,19
18,20
19,21
20,22
21,23
22,24
23,25
24,26
25,27
26,28
27,29
28,30
29,31
30,32
31,33
32,34
32A,35
32B,36
32C,36
33,37
34,38
35,39
36,40
37,41
38,42
39,43
40,44
40A,45
40B,45
40C,46
40D,47
40E,48
41,49
42,50
43,51
44,52
45,53
46,54
47,55
48,56
49,57
50,58
51,59
52,60
53,61
54,62
55,63
56,64
57,65
58,66
59,67
60,68
61,69
62,70
63,71
64,72
65,73
66,74
67,75
68,76
69,77
70,78
71,79
72,80
73,81
74,82
75,83
76,84
77,85
78,86
79,87
80,88
80A,89
80B,90
81,91
82,92
83,93
84,94
85,95
86,96
87,97
88,98
89,99
90,100
91,101
92,102
93,103
94,104
95,105
96,106
96A,107
96B,107
96C,108
96D,108
96E,109
96F,110
97,111
98,112
99,113
100,114
101,115
102,116
103,117
104,118
104A,119
104B,119
104C,120
104D,120
104E,121
104F,122
105,123
106,124
107,125
108,126
109,127
110,128
111,129
112,130
112A,131
112B,131
112C,132
112D,132
112E,133
112F,134
113,135
114,136
115,137
116,138
117,139
118,140
119,141
120,142
121,143
122,144
123,145
124,146
125,147
126,148
127,149
128,150
128A,151
128B,151
128C,152
129,153
130,154
131,155
132,156
133,157
134,158
135,159
136,160
137,161
138,162
139,163
140,164
141,165
142,166
143,167
144,168
145,169
146,170
147,171
148,172
149,173
150,174
151,175
152,176
153,177
154,178
155,179
156,180
157,181
158,182
159,183
160,184
161,185
162,186
163,187
164,188
165,189
166,190
167,191
168,192
169,193
170,194
171,195
172,196
173,197
174,198
175,199
176,200
177,201
178,202
179,203
180,204
181,205
182,206
183,207
184,208
185,209
186,210
187,211
188,212
189,213
190,214
191,215
192,216
193,217
194,218
195,219
196,220
197,221
198,222
199,223
200,224
201,225
202,226
203,227
204,228
205,229
206,230
207,231
208,232
208A,233
208B,233
208C,234
208D,234
208E,235
208F,235
208G,236
208H,236
208I,237
208J,237
208K,238
208L,238
208M,239
208N,239
208O,240
208P,241
208Q,241
208R,242
208S,242
208T,243
208U,243
208V,244
208W,244
221,245
222,246
223,247
224,248
225,249
226,250
227,251
228,252
229,253
230,254
231,255
232,256
233,257
234,258
235,259
236,260
SUPL,261
SUPL,262
SUPL,263
SUPL,264
SUPL,265
SUPL,266
SUPL,267
SUPL,268
SUPL,269
SUPL,270
SUPL,271
SUPL,272
SUPL,273
SUPL,274
SUPL,275
SUPL,276
SUPL,277
SUPL,278
SUPL,279
SUPL,280
SUPL,281
SUPL,282
SUPL,283
SUPL,284
SUPL,285
SUPL,286
SUPL,287
SUPL,288
SUPL,289
SUPL,290
SUPL,291
SUPL,292
SUPL,293
SUPL,294
SUPL,295
SUPL,296